{"stats":{"minecraft:picked_up":{"minecraft:stick":3,"minecraft:wheat_seeds":1,"minecraft:oak_log":8,"minecraft:cobblestone":12},"minecraft:mined":{"minecraft:short_grass":1,"minecraft:oak_log":8,"minecraft:stone":12,"minecraft:oak_leaves":7},"minecraft:crafted":{"minecraft:oak_planks":12,"minecraft:stick":4,"minecraft:wooden_pickaxe":1},"minecraft:custom":{"minecraft:time_since_rest":5109,"minecraft:crouch_one_cm":31,"minecraft:play_time":5109,"minecraft:sprint_one_cm":8968,"minecraft:walk_one_cm":28679,"minecraft:sneak_time":3,"minecraft:walk_under_water_one_cm":1169,"minecraft:jump":56,"minecraft:leave_game":1,"minecraft:time_since_death":5109,"minecraft:walk_on_water_one_cm":394,"minecraft:total_world_time":5109,"minecraft:interact_with_crafting_table":1,"minecraft:swim_one_cm":3463,"minecraft:fall_one_cm":894,"minecraft:fly_one_cm":9209},"minecraft:used":{"minecraft:wooden_pickaxe":12}},"DataVersion":3839}