{"stats":{"minecraft:picked_up":{"minecraft:raw_iron":5,"minecraft:crafting_table":1,"minecraft:feather":2,"minecraft:chicken":2,"minecraft:acacia_log":8,"minecraft:porkchop":10,"minecraft:oak_log":4,"minecraft:coal":15,"minecraft:cobblestone":17},"minecraft:killed":{"minecraft:pig":4,"minecraft:chicken":2},"minecraft:mined":{"minecraft:acacia_leaves":3,"minecraft:iron_ore":5,"minecraft:crafting_table":1,"minecraft:acacia_log":8,"minecraft:coal_ore":15,"minecraft:oak_log":4,"minecraft:stone":17,"minecraft:oak_leaves":3},"minecraft:crafted":{"minecraft:oak_planks":16,"minecraft:cooked_porkchop":10,"minecraft:crafting_table":1,"minecraft:stick":12,"minecraft:iron_ingot":5,"minecraft:wooden_pickaxe":1,"minecraft:iron_pickaxe":1,"minecraft:stone_pickaxe":1,"minecraft:wooden_axe":1,"minecraft:stone_sword":1,"minecraft:furnace":1,"minecraft:acacia_planks":32,"minecraft:torch":4,"minecraft:stone_axe":1,"minecraft:air":0},"minecraft:custom":{"minecraft:time_since_rest":9653,"minecraft:damage_taken":40,"minecraft:interact_with_furnace":6,"minecraft:sprint_one_cm":24158,"minecraft:walk_one_cm":13015,"minecraft:mob_kills":6,"minecraft:damage_dealt":480,"minecraft:swim_one_cm":10578,"minecraft:interact_with_crafting_table":4,"minecraft:fly_one_cm":20635,"minecraft:crouch_one_cm":5465,"minecraft:play_time":9653,"minecraft:sneak_time":1717,"minecraft:walk_under_water_one_cm":2210,"minecraft:jump":162,"minecraft:leave_game":1,"minecraft:time_since_death":9653,"minecraft:walk_on_water_one_cm":3475,"minecraft:total_world_time":9653,"minecraft:fall_one_cm":4409},"minecraft:used":{"minecraft:wooden_axe":14,"minecraft:iron_pickaxe":2,"minecraft:stone_pickaxe":19,"minecraft:oak_planks":8,"minecraft:wooden_pickaxe":16,"minecraft:crafting_table":2,"minecraft:cooked_porkchop":1,"minecraft:furnace":1}},"DataVersion":3839}